Source_id,Sentence_en
1,Eclipse also helps in troubleshooting programming.
2,"But we have received the same spirit of faith, just as it is written: ""Those who have believed spoke, and those who have not believed spoke""."
3,"Then, he'll look for his own driver and I'll put 'Cancel' on it."
4,"For all iterations, the iterator is set to an index value of 1.1 and then 1.2 and so on."
5,"When he opened the second seal, I heard the voice of the second living creature."
6,We learned that objects store their positions in fields.
7,Child: He believes in you.
8,You may be amazed at the beauty of nature.
9,And his affection for you is overflowing when you remember how you disobeyed him and welcomed him with fear and trembling.
10,"""In a rainy season, a part of the water falls to the ground and becomes dry, and God gathers together water to form the ground""."
11,They looked at the books.
12,My father came back from the library.
13,"Again, go to the upper limit and click 7 in the 0 to 9 tab."
14,The align and distribute dialog box opens on the right side of the interface.
15,"To set a break point, click on the LAN number."
16,We've done exactly what we did for Borrowed Books.
17,"""The classical period is defined by the Yoga formula of Patanjali, the first systematic presentation of yoga""."
18,They said:
19,"XAMPP 5.5.19 is available for Apache, MySQL and PHP,"
20,"Here, we can give a title to yoga in our document."
21,The army is following them.
22,1. Cells: What are available?
23,In the launcher we can combine the shortcut.
24,"""Let the roof be so high that it will be a storehouse for him, and he will not be able to eat."
25,"A variety of modern materials are also used in the manufacture of consumer products, such as cutting tools, writing machines, refrigerators, televisions, and machines."
26,You: Some may be able to fight off insects and other things.
27,Everyone should be on their guard.
28,Child: You are showing love.
29,"You know that all the people of the province of Asia have deserted me, including Phygelus and Hermogenes."
30,"In this article, I read the headline of the Indian Journal of Microbiology."
31,"Publisher, Collection title,"
32,"And the second steps were laid on one side, and the other on the other side."
33,"I chose Brush and Gradient and de-select, and I know my best colors."
34,Then we forward to the successUser page.
35,Trees: Plants: Grow by other rules
36,"Therefore you are no longer foreigners or foreigners, but fellow citizens of the saints and citizens of God."
37,Tribal dances are typically performed in groups and in special costumes.
38,"In this regard, there is no difference between Jew and Gentile, for there is one Lord over all, and he speaks to all."
39,"So, to address these problems, we need to eliminate the loss of planting factors in our gardens."
40,"To play basketball,"
41,"""It's been a long time since I've been on the road."
42,"Then the horsemen of the Apocalypse, aroused by war, came into battle and killed Ram in battle."
43,So we went to the synagogue.
44,These are the costs of methods and constructors.
45,The Pandavas also shouted:
46,"In a compilation, the data can be read as fp = fopen (Sample.txt,r);"
47,For details please contact @spoken-tutorial.org.
48,"To access a password for Moodle Administrator now, you must follow the following password rules:"
49,"When the extract comes out, I rename FrontAccounting to the correct account."
50,All the Gentiles and the Israelites were present at this meeting.
51,Welcome to Meet the GIMP!
52,Let's declare the value by using the variable
53,We find the frequency number of jdk.
54,"As we have seen, the Course Category is Mathematics."
55,"Now, we're using the NetBeans IDE to create some simple Java web projects."
56,"Yes, it is the death of Asherah."
57,We are here.
58,"But for the time being, I'm just going to fill in duck for Full Name and leave the rest of the entries blank."
59,Stand or sit in a comfortable position.
60,"While the people were on their way, they spread their garments and spread them on the ground."
61,Write INKSCAPE in the prospectus
62,Write u and enter
63,Let's work through the next loop.
64,We'll see you again next week.
65,You must also cleanse the place where the animals and the goats are put.
66,"For example, in the Bible, it is written: ""Do not be ashamed of yourselves""."
67,"If you don't have a good bandwidth, consider it inappropriate."
68,"And thou shalt make two seams together, one seam with the other seam."
69,"The surface of the left hand: be in contact with the spinal cord, and the right hand be opposite to the spine."
70,Layer changed its name to CD template.
71,He treats a wide variety of waterborne diseases.
72,The enemy is surrounding us.
73,"In the Services window, click RAT on the Databases node."
74,Here is the error:
75,We are staying here.
76,"On the eighth day they came and put on the child's skin, and they named him after his father, Zacharias."
77,So the controller for displayMessage (display message) goes to this.
78,We can now add to this document.
79,A woman adorned herself.
80,Why is it necessary to read songs today?
81,"They were not able to find any silver, but they found a gold chandelier to measure the silver."
82,"""Put your knees on the ground, pull your stomach in, and rest on your hips, holding your thighs back""."
83,We will continue to removeFromCheckout method.
84,The baby will grow up to be a baby.
85,"Nevertheless, in the Lord man is without woman, and woman is without man."
86,They will know how to make a list of sewing tools and sewing patterns.
87,4. The leaves - usually: green in color - are used to produce food.
88,"Let her go out of her womb, and I will not let her go."
89,We were recording.
90,Hanumantha Lankaya Sithaya: Knowledge
91,"In this brief lesson, we learned about subclassification and the method of over-radiation."
92,"""We are pleased with the work of this man, Demetrius, who built the silver temple of Artemis and made it profitable for all the craftsmen""."
93,"This course is designed to teach different types of cooking: and socially applicable foods, nutrients, and health benefits."
94,Now we know how to install software using Synaptic Package Manager.
95,These can be single-celled or multicellular:
96,See this Journal Entry link
97,Who is it?
98,She listens.
99,"However, [abc] is a ""regular expression, a or b or c""."
100,"In addition, they had access to water for cleaning food, laundry, and other services."
101,"""None of the rulers of this age has known it. If it were, they would not crucify the Glorious Lord""."
102,"We know that when we eat, we do not wear clothes to show our faces."
103,Then he sent them away from the synagogue.
104,"He replied, ""It was the man who healed me who told me to go and pick up my mat."
105,Go to where the logo is stored.
106,"And on the seats there were seats of the elders, and on the throne of the rulers, and upon the thrones of the satraps."
107,These are the seats.
108,Christ is omniscient.
109,The monkey is a fruit collector.
110,Who are you?
111,This is the arrangement below the south pole.
112,They are stimulating the senses.
113,This was the third time that Jesus appeared to his disciples after he had been raised from the dead.
114,In this house there are many cells.
115,We're currently adding service tax before we have to create a GL account for service tax.
116,In the old text we read a little about Mark.
117,"Now, to execute the Enter button, click the dot slash if1 and enter."
118,We learn about input/output functions as well as time-stamp functions.
119,"Then, parse id to book_id as an integer."
120,"But in the time when the seventh angel is about to sound his trumpet, the mystery of God will be fulfilled, as he proclaimed to his servants the prophets."
121,"But, to redirect the error stream, you have to use two right angle brackets, or two double right-angle brackets."
122,Now we can see their names in user id.
123,The Holy Spirit is the Triune Spirit.
124,But we can send as many as 500 names a day.
125,This class was based on a number of variables that represented the details of the temple.
126,You are a proud man.
127,MARCH: What was that?
128,For we have found that running by the law is futile.
129,"In sub-fields such as a and Classification number, type 660.62."
130,Today we see more common crimes than ever before.
131,It improves blood circulation throughout the body.
132,"In any multidimensional array, what do we call an index sequence test?"
133,"And you shall make a ring of purple, and a circle of black."
134,Error dialog box and shortcut keys.
135,"We have come to remove this, and now I am adding a pattern."
136,You must have heard of DDT.
137,Here we find: what to write permission: everything: removed
138,License Agreement should be read carefully.
139,"It contains the output required to prepare LaTeX's primary documents for Windows, and TeXworks is now the pre-available editor for MikTeX."
140,We can see black graphs without mathematical expression.
141,Let's talk about it.
142,Internet connectivity should be close
143,"In addition, the program will be terminated."
144,"Under the feet: to do, to do; under the legs: to use; to use."
145,Here's a simple line: This is the foundation of your photography.
146,Krishna sets up the chariot.
147,And that's what I'm going to do about creating equations in a Spoken Tutorial.
148,The Spokane Tutorial Project is part of the Talk to a Teacher project.
149,Koha calls himself the Spoken Tutorial Library
150,"All the members of the Sanhedrin looked intently at Stephen, and they saw his face like the face of an angel."
151,Go to the browser and open your template set.
152,You may want to look at the headline of your journal.
153,"In addition, these keys are used in other options."
154,More details about this mission can be found in this section.
155,"However, Internet Explorer is not useful because it doesn't display content."
156,"In the prompt, tap the date space plus percentage mark, small h, and enter."
157,We know what the interface is called.
158,"and to give the name of every living creature that is on the earth, the smallest of all creatures;"
159,Turn your fingers back.
160,"""Father, glorify your name, and I will glorify it""."
161,"""Some common types of paper used in food environments include: platinum paper, bastard paper, rhinestone paper, calotropic paper, caster paper, sea milk paper, lotus paper, wood printed paper, stereo paper, and sound soldering paper""."
162,"""In those days men will die, but they will not find it. They will seek to kill their souls, but death will flee from them""."
163,I was worried.
164,ENVIRON Shell Environmental Variables  as well as their values reflect this.
165,We put our fleece outside the courtyard and saw someone sitting there.
166,It has the same GUI for apt-get command line assignment.
167,"And he set it at a distance of ten cubits, and put his hands in the midst of it."
168,We see what's in the Awkdemo.txt package.
169,"Then they said, ""See, they are doing what they want to do. "" And the second thing came to pass, so that the word might be confirmed."
170,They can explain the meaning of folk dancing.
171,So I can do this so far.
172,"From the HIV genome sequence, 4587 to 5165, extract the HIV1gp3 gene."
173,"Then Jesus told them plainly, ""Lazarus is dead."
174,For anyone who does evil is exposed to the light and does not come near to it.
175,Now we see how the law can be fulfilled.
176,Now OK and use the dialog box.
177,It summarizes the Spoken Tutorial project.
178,And then the import price in the Step Over Chinese constructor was set at 10.
179,Read the meditation section.
180,What's happening at home today?
181,Welcome to the Spokane tutorial on grep command
182,"Later, in Description, we will find two fields called Course Summary and Course summary files."
183,It was a people ship.
184,"Including graphics and color packages that use it to address these needs, we make statements to LaTeX."
185,"Now we use the cout statement instead of the printf statement, because we're using this cout function to change the language in C++."
186,"The stomach is like a small intestine, and the stomach like a large intestine."
187,Write down the traditional methods of water purification.
188,"Therefore, I choose to divide and condemn."
189,"""It also provides a broad overview of interdisciplinary studies, planetary movements, eclipse calculations, and calendar calculations""."
190,"So when you do this exercise, your breathing rate should be 30 to 35 breaths per minute."
191,"Spoken Tutorial Project is part of the Talk to a Teacher project. This project is supported by the National Literacy Mission, ICT, MHRD, Government of India."
192,"""spoken tutorial"" is used to conduct workshops on projects and lessons."
193,"""No, "" he replied"". It is because he gives gifts. ""God opposes those who give gifts, but he gives them to the poor""."
194,"You are faithful, and you have the strength of the mighty."
195,Slowly bend to the right until your right hand reaches your right foot.
196,The teacher calls the children.
197,For the cleansing of the outer parts of the body:
198,The people were furious. They seized the apostles and put them in the lower jails.
199,So I create a new layer and I call it white and then I select white in the layer fill type and I immediately reduce the value of opacity so that we can see through the image.
200,"The Spirit, who is in his glory,"
201,Some tribal dances in India can be described as:
202,Currently using Statement to connect
203,Enough is enough.
204,There must be plenty of room to play these games.
205,"""Be careful, therefore, how you hear. What you have will be given back to the one who has it, but what you do not have, even what you have""."
206,"Why, then, do we not use the Bible to calculate the value of these variables?"
207,Now press the ctrl and z keys twice to do the same thing.
208,Click on the Selector tool.
209,These are the things I give you.
210,"""As you breathe, your stomach goes out, and as you exhale, the stomach sinks""."
211,We now use the show data method to encrypt nomination details.
212,"At the top of the View menu, select Properties."
213,The text is recorded using maximal resolution for the common use of tools and others.
214,Total 4000 and Actual cost 0.00 is calculated by itself.
215,"guidelines for their use and setting,"
216,Provision field is used by a Sales Person.
217,"The disciples said to him, ""Where can we get enough bread in this remote place to feed this crowd?"""
218,Child: She makes friends with him.
219,"In addition to the videos shown below, there are many other applications."
220,"As it is written in Hosea: ""I will say,' The one who was not my own will be loved by me, and the one I loved will be my beloved. '"""
221,You can install Ubuntu on KTouch from the kernel.
222,Child: He believes in these things.
223,"Grace period: For example, I am 15 days old."
224,"I know the reproaches and insults of those who call themselves Jews and are not Jews, but a synagogue of Satan."
225,Lord Krishna: The Gita says that
226,It is a physical exercise in which a person runs at the same speed.
227,Teach what is pure and what is not pure.
228,"""What goes out of the man's mouth does not come out of his heart, but what comes out of him is what makes him 'unclean.'"
229,"In the prompt, enter the date space plus the percentage mark, by tapping the larger T."
230,"""The king called some Brahmins and said, 'My mother's last wish was to offer brahmins to us.'"
231,Then all the mountains were deserted.
232,How do you know the songs?
233,"Forward settings and Hidden sections, these courses contain secretive topics from the roof."
234,They are foolish.
235,The first is General Ledger Account Classes.
236,"Now he has reconciled you, who were once alienated by the evil one, to him through the death of his flesh,"
237,But it is not with those who do not believe.
238,"Greet Tryphenaephas, who has worked hard for the Lord. Greet my dear Priscilla, who worked hard in the Lord""."
239,"""This is a relaxed, continuous and peaceful exercise"""
240,More: human: action: harmony with nature: the impact of hours on nature is not negative.
241,There should be no overwhelming movement or movement that can disturb the body and the spine.
242,Product of 5 and 2 is 10.00
243,"""What's the matter with them? "" he asked."
244,"That's why we open emacs in the editor, and we find maths.pdf_t."
245,We feel that we are spread throughout the body.
246,"""' Know, O Israel, that the Lord our God is one Lord."
247,"""In the Vedic scriptures, too, there are many monuments, such as the Rigveda, the Jurassic, the Covenants of Friendship, and the Gospels."
248,Don't look twice to see what's in the folder.
249,"Look for two square handles and two circular handles, or arc handles."
250,"When a meal is put on a table, it's called a buffet."
251,"""The apostles and elders, brothers from the Gentiles, who live in Antioch and Syria and Cilicia, send you greetings""."
252,This is the army.
253,"However, for security reasons, this should not be direct access to the web."
254,"Then Paul called one of the centurions and said to him, ""You have something to say to this young man. Do not do this to him""."
255,"Even if I always forget what is good, I strive hard."
256,Google Calendar... is like this:
257,And all the people went out to pray at the fiery furnace.
258,Then click on Koha Administration.
259,and the stench of salt.
260,"For this reason I wrote to you, in order to test you and see whether you are obedient in all things."
261,A new door is opened.
262,"In addition, knowledge of terminals, text editors, and synaptic cache managers in Linux is also required."
263,"For example, in a two-dimensional array, an element is identified by two index sequences."
264,They live in a Sanskrit home.
265,The image should be stored in .cml format.
266,4 What is the meaning of life?
267,Some of them are building a house in a small space with the necessities.
268,A: It increases concentration and calms the brain.
269,"In the practice of astrology, use the na-kara instead of ma-kar."
270,"By faith they conquered kingdoms, exercised righteousness, received what was promised, shut the mouths of lions,"
271,"When the disciples were alone with him, Jesus asked them, ""What do you mean by these parables?"""
272,Add the following numbers:
273,We opened the terminal.
274,"Now we're going to try to divide, and we'll tap the Asterisk to remove the slash."
275,"""The food distribution in India is united by diversity: India is a country with diversity in languages, geographies, climates, religions and cultures, and in some ways food is also diverse""."
276,Look at how many curved lines there are.
277,"Now you have a new commandment, and now you have another commandment."
278,"Then some Jews came from Antioch and Iconium and roused the crowd. They stoned Paul and dragged him out of the city, realizing he was dead."
279,"As a result, some of the images are more realistic."
280,This is a simple web application design code.
281,"But I can change that by changing the characters. To do that, there's a shortcut key called X. I'm going to go a little deeper here."
282,But non-static blocks cannot be parameterized.
283,It can start with the main (main) method.
284,I use the Firefox web browser as well as the active Internet.
285,Here's how the code works.
286,"""First, the seed is sown in the right place with the right amount of water, oxygen, and heat""."
287,"""The servant of the owner of the house came and said to him,' Master, why did you gather so much good seed in your field? Didn't you come here to collect so much bad seed?'"
288,The skills of ordinary hand craftsmen
289,"""After John was put in prison, Jesus came to Galilee, preaching the good news of God,"
290,Now let's see how the code works. Save and run.
291,"Add applications to the menu items, and the Programming and Netbeans IDE icon."
292,"""Then you will be blessed and punished in the resurrection of the righteous""."
293,And I'll show you the code.
294,Ram confronts Ayodhya
295,There he found a man named Aeneas who had been lying on a bed with a paralytic for many years.
296,Then we do iterate by the result set.
297,"Output, dna2 represents the number of alleles in a sequence."
298,"GIMP, like Windows and Macintosh programs, uses a number of smaller windows."
299,"Food and the word are the same as every other food, which we eat and drink and which nourishes our bodies."
300,We went to the place where the boxes were placed.
301,"And when his son asks for a stone, he gives him a snake."
302,"At the same time, make a tight fist forward with your hands."
303,"Now that we know how to give an object a stroke or an out-line, we use the Stroke paint tab."
304,"Bharat: True: He went to Rama, the Most High, and prayed earnestly."
305,Scroll down and click on the Save and display tab.
306,"Open and click here from the context menu Events, Action, Action Performed."
307,"When evening came, Jesus was there with the Twelve."
308,"Today, cows are still worshiped."
309,"I tell you the truth, on this generation all the blood of the prophets has been shed since the creation of the world."
310,"""Who are you to criticize, O slave? He will be exalted to his master, and he will be, for God is able to exalt him."
311,"In addition, keep these commandments."
312,"""The sun, "" he said"", is one of the stars, ""but how can we not see it at night? Do the stars give light at night?"""
313,"After that, call incrementAvailableCopies:"
314,"Now, go to 310 CURRENT PUBLICATION FREQUENCY."
315,They are surrounded by trees.
316,For every kind of soil there is a way to dig and a way of flowing.
317,Start by staring at both fingers.
318,But there was also a dispute among them as to which of them was considered the greatest.
319,"""Keep your hands away from the chains a little longer, "" he said"". Keep your hands up""."
320,The serpent groaned in the mouths of the serpents.
321,My soul is exhausted at the time of my departure.
322,They say:
323,"""The three respiratory processes of the stomach, esophagus, and pancreas are called complete compound respiration""."
324,So we can see the things that are around us.
325,"Today, we are ""welcomed""."
326,So I'm going to the Sanskrit camp to read it.
327,Click on the exit menu at this link.
328,"Let's say, for example, a lessen b (a < b)"
329,Other options for align and distribute dialog boxes will be discussed in the following sections.
330,You've come to this output with a++ code.
331,"Until the condition is true, it executes the internal statement, then increases and repeats the loop."
332,"Today, it is known that there are two different objects."
333,"Therefore, when you eat, do not use anything unreasonable."
334,"In addition to combining the final keyword with the name variable, we changed the name to the final variable."
335,"Now that I've got all the files in my archive section, I'm going back to Archive Manager and I'll go back to GIMP."
336,"This command calculates the number of empty lines because every time you see a single empty line, you add x to it."
337,He taught them all to fight.
338,Our current showDetails method defines this and then clicks on: public void showDETAils.
339,Add stop to add another color.
340,"""But when you give, do not let your left hand know what your right hand is doing""."
341,"and having a high priest over God's household,"
342,"We know that by combining variables and methods, a member of a class can become a member."
343,Wealth: Stealing - Protecting from Violent Thieves: Also Doing
344,"For example, we set it up in a virtual center environment."
345,The sky: (space:)
346,The children listened to the stories.
347,Then he sent Jesus to Herod the tetrarch.
348,"He said to them, ""Go and heal the sick in those towns and proclaim the kingdom of God to you""."
349,I am Patel and Arvind H.
350,October-November: This dance is performed by Sohrai and Bandana to showcase the richness of animals.
351,Shipping cost I leave empty.
352,We deleted this processRequest.
353,"This, given the date, makes the short-term quiz the opening line."
354,Now we need a larger operator.
355,You are a wall.
356,"Finally, click 'Save changes' and then click 'Done'."
357,We can change the drop-down list as we need to.
358,"When the log-in occurs, people are left in blocks with a lot of stuff."
359,"""When they saw the place where he was staying, they were shocked that it was dirty""."
360,"On the battlefield, soldiers die."
361,It is very helpful in improving vision.
362,There are a thousand kinds of living creatures upon the earth.
363,"In addition to the drop-down list for a blended mode, there are five options."
364,and do not worry about anything else.
365,"And the second is the soil: If it rains, it gives more water to the land, and if it does not, it will give more."
366,"If there were only one arm, where would the body be?"
367,Return 0; click on the curly bracket and place it on the end.
368,Animals are divided into the following categories:
369,"Every day, on special occasions, we eat and enjoy a variety of foods."
370,"The Spokane Tutorial Project, Talk to a Teacher, is a component of"
371,Currently in Terminal and click here:
372,"To optimize, click Auto Optimization Tool in the toolbar."
373,"For flood texts, these options are disabled."
374,"Three days later Paul called in a ruler of the Jews. When they arrived, he said to them: ""Brothers, although I did nothing against the customs of our fathers or our nation, I was arrested by the people of Jerusalem and handed over to the Romans."
375,"In screen mode, colors are first contrasted and then multiplied, divided and complex."
376,I'm going to use the scale as a means of preserving the aspect ratio.
377,Child: He shows them mercy.
378,Krsna's devotees do not give up.
379,A lesson plan:
380,"And the Lord said, Behold, the name of Rama is a thousand names."
381,The flesh of man is the beginning of all things.
382,"In the Categories, Java."
383,"""Teacher, "" they said"", this is a picture of the earth."
384,"""Do not give to thieves what is sacred; do not give it to the rich, or they will give it back to you, and you will be spared""."
385,"As we have seen, this kind of confusion produces confusion."
386,Let's see what happens if n is equal to 0.
387,"For the sake of taste,"
388,Check the Start Date and End Date of the exchange to see the 'Report'
389,All of the world's energy is in the form of fire.
390,Now I'm going to ask for a picture.
391,The Create Table dialog appears on this page.
392,"Child: Yes, showing kindness."
393,Who are all around you?
394,But a static method can only access and change static variables.
395,"""Our altar, our prayer; our wisdom, our help; our thanksgiving, our milk; our help""."
396,Another example is that an Apache instance can be run.
397,We see a square handle and a circular handle on top of the image.
398,We now know the difference between an instance method and a static method.
399,"because of the hardship of their hearts, they ate and drank and did no miraculous deeds."
400,Here you can see Created With GIMP and Loop Forever.
401,And he called his name Villamacharya.
402,He will eat only the fruit.
403,The drop-down menu for the folder is: Bookmarks toolbar.
404,This is our header file stdio.h.
405,Mixed
406,Your country is yours.
407,And it is not less than forty.
408,Celestine Friessian - This is a golden brown cow.
409,"Nevertheless, from the time of Adam until Moses, death reigned as king over all who sinned in the first man's transgression. Adam, who was to come, is like a figure of Adam."
410,"But with GIMP, if you do it yourself, sharpening can control it, and I'm going to show you how to do it in the current version."
411,"The header file ""studio.h"" is called ""iostream""."
412,This is a chariot.
413,A young man is a good speaker.
414,"James and his brother John, Andrew, Philip, Bartimaeus,"
415,"Some healthy people shudder six times a minute, most often in the middle of the night."
416,And I tap the ST-CD label in the file and save it.
417,"""We are talking as if we were weak among you, but I would like to warn you that someone else will be weak as well."
418,Enrolled Users can click on the Calculus course to see the course details.
419,"For God gave them over to lustful desires, because their women committed sexual immorality with their own bodies."
420,"Do not create the main class, but manage the main project."
421,Then add the random question button.
422,The temple is surrounded by worshippers.
423,"In our training, we use the Global System Preferences set to customize Library OPAC."
424,"Next, let's see what the status bar is doing."
425,"""That is why I stand before the Gentiles and praise your name, "" he said""."
426,1. What is another name for nutrition?
427,Yogies look for God everywhere.
428,"If I had not come and spoken to them, they would not have sinned; but now there is no excuse for their sins."
429,Answer: The question is:
430,"From drop-down, I know Author (A-Z)."
431,One more thing: You need a place to live.
432,Endure hardship as a good soldier of Christ Jesus.
433,"As they were weeping, he went to them and urged them to come to him. ""Teacher, "" he said"", why are you doing this to your brothers?"""
434,"In your reading,"
435,Now I have a command to use.
436,"spoken tutorial Project managers, teachers, and teachers are responsible for conducting workshops and certifying graduates."
437,"Function call by value,"
438,The pronounced position of your stomach is to lie face down.
439,You can either start your own business or work in the textile industry.
440,How much does the script overrate these tables?
441,The teacher teaches everything.
442,"Not that the word of God has failed, for not all who are of Israel are truly Israel."
443,System.out.println(n); then multiply by n = n + 1;
444,Who will accuse God's elect? He who justifies them!
445,"And thou shalt keep the top of the box, and the bottom of the register, and bring it to the place where it was first brought."
446,"And they crucified him, both feet to his left and to his right."
447,Q: Did you kill him?
448,"""Simon, "" he said"", behold, Satan has asked you to cast out thorns."
449,The length of the space is 1.50
450,"For out of their hearts there is sexual immorality, a debauchery that is unclean."
451,"To open the terminal, the CTRL, ALT and T keys must be turned on."
452,Let's do this.
453,Other codes are provided by our switch.c program.
454,The advanced tool is called the Intelligent Scissors or Scissor Selection Tool.
455,The sick and sick came to him and were healed.
456,Bishma comes to see Ganga.
457,E267 is equal to the value of the Employee ID and 10000 to the salary of the employee.
458,"When he looked up, he saw the clothes lying there, but he did not go in."
459,You should now log out of the database administrative user session.
460,He learns culture.
461,The following pages list the different types of seats.
462,"""The seats on the backs of the tables, on the opposite sides of the table, the chairs, the bars, and the fishboxes""."
463,"If you are not familiar with HTML, please contact our network for related tutorials."
464,"In the front row, click else and open the flower bracket and enter."
465,They went to Galilee.
466,All kinds of services are available to you as you wish.
467,Remember that our file name is pointer_demo.cpp.
468,"""As I am gentle and humble in heart, so I take my yoke upon you and teach you, and you will find rest for your souls""."
469,We are now on the Teachers' Dashboard.
470,"Now, in the price before tax field, I want the price to be 48,000."
471,Note that the servlet is similar to some other Java rooms.
472,"We're using this keyword, a constructor, to call each other."
473,"With the summary of the slider, I increase the grid line and it disappears soon."
474,My third desire is to be self-aware.
475,"""For I am the one who sent evil spirits into your midst, and they will walk in deceitful ways""."
476,"This logo has been used twice, but it has managed to open the ink-scape."
477,"""I am no longer worthy to be called your son. Make me your servant""."
478,Who was Caldas?
479,"To do this, we taped the command ""Enter"" into the terminal and got the desired result."
480,"For a meal, do not destroy the work of God. Everything is sacred, but if you eat something, it is not good for you to spoil it."
481,I put a torch in the classroom.
482,"""Lichvi King Bhaskarvarma, the conqueror of the Huns, Yashodharma, Sri Krishnadevaraya: (great king of the Vijayanagara Empire), Lalitaditya: (a great warrior)... """
483,Metals: They are smarter than plastics.
484,This is a summary of the Spokane tutorial project.
485,"To reverse a string, the code writers call it reverse.awk and use a recursive function to reverse the string."
486,He will destroy God's temple and destroy sinners by making himself God and all that we worship proud.
487,There are six reasons why yoga is ruined:
488,These were created according to the precepts given by the early church.
489,"When they saw Mary, the Jew who was at home comforting her, standing up early and going out, they followed her. They thought she was going to the tomb to cry there."
490,"A little later another man looked at him and said, ""You too are one of them. "" Peter said"", No, I am not a man."
491,The one who is furious is the one who drives away angry demons.
492,Useful:
493,"When you are angry or tired, it calms your brain."
494,The story of the play: Appropriate Events: The Writer Must Be
495,"""Here is an Indian tree: medicinal: tree: indication: given, which can be planted in its own home, that can be installed in its home, this tree: house: positive: also how""."
496,"else if conditional-expression 2 is true, then perform action 2."
497,Macaran can also be called Crocodile Pose in English.
498,Let's do this to the left.
499,What has he done to convince Sugrivi of his own strength?
500,Child: You will be glorified.
501,This is why we are lacking in food.
502,We also have to defend the method of moving.
503,"When it was evening, Jesus and the Twelve invited him to speak with them."
504,Youths Play
505,"As a result, we have recovered the original sequence of these indexes."
506,There is a small triangle to his left.
507,"In summary, what we have learned in this tutorial is:"
508,"Orders can be in the same order or in multiple order, and they can be divided using white space."
509,"To set up user accounts,"
510,"He says, ""I've seen him once or more""."
511,Both instance variables and static variables should be understood.
512,"Peter said to him, ""Explain this parable to us""."
513,"""There is only one God, Lord Vishnu: He is the supreme being, the almighty, the omnipotent, the indestructible Lord. He is divided into three persons: he is and he enjoys the world""."
514,"The Lord replied, ""Who is such a wise and faithful man as the Lord, who at the right time will provide food for his household?"""
515,Talented: Talented in all kinds of things.
516,This is the menu and the settings and gears are provided. This is indicated by the Down Arrow.
517,"""Be honored, "" he replied"", for I will send you far away to the Gentiles,"
518,Do not pollute the sky or the atmosphere.
519,"If anyone has confidence in the field, let him always have confidence in what he is doing."
520,These have opened the door to the flow of oxygen into the air and the growth of many species.
521,The seats are classified as follows:
522,"The Bible says: ""Every man that feeds on himself is called good""."
523,"""Jap the mantra while resting, feel the vibration in the body""."
524,"We also know how to connect, edit, and hide these nodes."
525,Sri Krishna solved the problem of pandas.
526,I'm going to put a 1.
527,Lord Krishna places Arjuna's chariot among the armies.
528,It is commonly called isoprene.
529,The young man listened to the story.
530,They laughed.
531,Go to the toolbar and apply the button.
532,I know this Flatten image by clicking right above the level.
533,"Then, using the built-in method called reverse complement of the sequence object, print the reverse supplement."
534,Equations can be used both to form cells and to refer to them.
535,Fill in correct answers This helps us to look at the possibilities of choices and solutions.
536,"Rather, they teach us to do good works, so that our people will not be unfruitful."
537,"But store up for yourselves treasures in heaven, where moth and rust do not eat, and where thieves do not break in and steal."
538,We have a minus c option.
539,A child: She shows love.
540,"For you know, first of all, that in the last days there will come a scourge of those who follow their own evil desires."
541,"The city does not need the sun or the moon to shine on it, for the glory of God gives light on it and the Lamb is its lamp."
542,It increases your energy. Breath: Breathe out: Exhale: Breathing out: Energy: Focus on the top.
543,"If we don't have any images in the logo, the short name can also be used as a logo text."
544,With these words he confused the villages.
545,Baal: These are glorious.
546,It was the day of fasting and the Sabbath.
547,Today's examples show the use of static variables.
548,"Binding: The word for ""binding"" means ""planning or gathering""."
549,It eliminates eye allergies and increases eye brightness and concentration.
550,We defined this as a two-dimensional constructor.
551,It helps to increase blood pressure and to improve cardiovascular health.
552,"So click on public void showData (), and click on the bracket to stamp the ID, name, branch, and number of students enrolled."
553,Practice: Set the foundation.
554,Sith also left the royal garment.
555,Now the fields of the second object are these initialized curves.
556,6.5 New: Trees: How do they survive?
557,What is the need for a Christmas tree?
558,GreetingServlet. Let's move to Java.
559,"It is said that water is the root of water: the sun is set,"
560,Let's go ahead and build a database in FrontAccounting.
561,"You see, we don't initialise the value of x. Awk, x is initialising the initial value of zero."
562,He who calls you is faithful and will do it.
563,"Therefore, I declare it to you."
564,Do you know what to wear?
565,In the same way that images can be accessed by donkeys and I manage opacity downstream.
566,Customers can also make deposits through a variety of channels.
567,"Let the word ""J"" be on it."
568,He was not a soldier.
569,"and forgive us our trespasses, as we also forgive those who trespass against us."
570,Starting with the back of the string.
571,"To make use of these options, check the checkbox on the back of the subcontractor."
572,"A team of speakers will conduct workshops using tutorials and workshops, and those who pass the online exam will also receive a certificate."
573,It is a state of free thought or peace.
574,There is a program.
575,This is the view from the village.
576,Write down the four points for cleaning the cows.
577,Then he put his hands on their wrists and left the place.
578,"The seed that has been sown is white, and the roots are black."
579,"Data can be created, extracted, modified, and ultimately"
580,"Keep your feet on the ground, zealously preaching the gospel of peace."
581,"Here, std is the namespace where the entire standard C++ library is declared to enter."
582,See the details here.
583,May there be peace and security around you.
584,These are letters.
585,"The flower grows wild, the flower blossoms."
586,"""Welcome"" is a greeting."
587,"So, Students, we can do this in this course."
588,What are you eating?
589,The quality of the heavens: Words.
590,Add a button to the Activity Chopper.
591,Then press the Enter Payment button in the window.
592,"Table environment is so floated, so don't add it here, add it directly."
593,And the converted temperature is visible.
594,There they set up a class called Welcome.
595,'Attachment' is a symbol of attachment.
596,"We, the layers and others, know how useful they are."
597,Your phone receives an SMS message.
598,"Similarly, we're going to use the functions in the sequence input and output modules to parse the data set."
599,You can see that the image mirror is the opposite of what it is now. I'm going to reduce the opacity by 50%.
600,"He returned to normal, breathing well."
601,"Again, he came to the conclusion that he was a good man."
602,"In your interface, you see something else valuable."
603,Then they zoomed in and saw the stars.
604,But it's time: The nature of the industry will also change.
605,For it is better to drink milk than milk.
606,Main is a special function.
607,"However, the date can be edited."
608,He sends the same message to all the nations.
609,Then read this passage:
610,"In the password text box, enter the password you want."
611,"Immediately, the recording software creates a movie."
612,These are the results:
613,The text was recorded using the best resolution and tools available to help others.
614,"I'm going to do the same thing by recording it to 800 or 600, and cut it down to 640/480, and that's how it works on Apple TVs and so on."
615,CHILDREN: These are just some of the things that are happening.
616,"Shut the hole, and shut it out."
617,"It also provides a number of security-security options to fight against these malicious network patches, spyware, viruses, trojans, and other malicious creatures."
618,"It is also known for its medicinal properties, as well as for its anti-inflammatory properties."
619,The output is renewed.
620,Alphabet: The origin of all sounds: Shiva's Dhakkat:
621,This is what she knows.
622,The king did not embrace his success.
623,"Prior to the launch of the FrontAccounting interface, XAMPP services were launched."
624,This statement prints the address of the variable number as follows:
625,You will sit down.
626,"I tell you the truth, he who believes in me will do the works I do; and he will do even greater works than these, because I am going to the Father."
627,"And if anyone is in the field, he must not go back to get his clothes."
628,The student learned mathematics.
629,The Indian science of chanting and chanting is the oldest in the world.
630,"I've used Moodle 3.3 and Firefox web browsers, and you can use any web browser you're afraid of."
631,Trees: Grounded: Their roots: Flooded on the ground
632,"This folder, in your home folder, is saved as ""HIV_geneseq.fasta""."
633,You are a widow.
634,The self - controlled mind is now filled with the Spirit.
635,You worship.
636,"""Wisdom, conscience, study of music and art: a goddess can be shown to be a guinea pig"""
637,Have I set you free because I have spoken the truth?
638,"Now, we're trying to figure out how to run this program in C++."
639,Link to GL Account Classes on the Maintenance panel
640,"""This is how God revealed himself to the world, that everyone who believes in him might not perish but have eternal life."
641,"The reader's audio code is: Ubuntu 11.10 operating system,"
642,But I call it account balance.
643,"Put the ""Home Folder"" in the clean-up area."
644,He saw the garment wrapped around his head and the robe on which he had been dressed.
645,If only you could learn about these things by studying libraries.
646,He was handed over to you according to God's predetermined plan. You seized him and crucified him.
647,The fools were crying.
648,Maharishi: Chyavan: Indian: Some Vedic: Rishi Rasi
649,This was the place where they all met.
650,September: Examine the performance of each stage of growth.
651,"For books and audio recordings, please contact your central coordinator."
652,"In the course, we learn how to create a group and send messages and notes to other people."
653,"""A honeycomb, a beehive, a peacock, a mosquito, etc.: This is an example of an insect""."
654,The proper Seed Mantra is also chanted with the names of the Sun God.
655,This opens the File Browser window.
656,Let's talk for a minute and a second and answer our questions for anyone who wants an answer.
657,Show Layer Mask at the top of the page
658,Treatment is the practice of focusing on a particular point of view.
659,Dronies are used for garden burning.
660,You can use the terminal and
661,FrontAccounting interface is opened
662,But this is not a requirement for teachers and students.
663,"In this passage, we learn about many different kinds of things."
664,"""Many kinds of tools have been made, but the tools of nature are useless."
665,When did we see you as a stranger and invite you home? Did we ever see you naked and welcome you?
666,The first data is in the zero index.
667,Click Edit in the menu bar and then click Preferences.
668,Make sure that you have completed this training before going on to the next race.
669,"I tell you, it will be more bearable for Sodom and Gomorrah on the day of judgment than for that city."
670,"To save the file, click Ctrl S and run this program."
671,"Philip was from Bethsaida, the village of Andrew and Peter."
672,Now let's change it to enumerate
673,"Aware of their reasoning, Jesus said to them, ""Why do you reason among yourselves?"
674,"""You are worthy to be king, "" he said. ""Rama is very pleased with you, and you are generous and true""."
675,Y: Aids in normal breathing and maintains a constant rhythm of breathing.
676,Noise water is used.
677,"In this article, I'm going to talk about the definition and characteristics of Gimp."
678,"Then they laid him on the bed where Jesus had been lying, and put him on it."
679,Those who carry out their ministry successfully gain a place of excellence in their faith in Christ Jesus.
680,This is the end of the spinal cord.
681,"Here's your lesson plan: In Mathematics, you can combine a new subcategory, like Second Year Math, and you can remove a category called Miscellaneous."
682,Then he took a breath and put the weight of his body in a basket. He lifted it up and laid it on the ground.
683,Keep your neck in alignment with your back
684,Just the basics are enough.
685,Return to the terminal.
686,We took out the box and put it there.
687,"In addition to the four common sins that are possible, there is also the danger of death."
688,"Click on ""Cd space slash user slash bin""."
689,"After they had supper, Jesus asked Simon his father, ""Simon son of Jonah, do you love me more than these? "" He replied"", Lord, you know that I love you. "" Jesus said"", Feed my lambs""."
690,"I go to the File, put it on top of Save As, and I change the width extension from tif (TIF) to jpg (JPG)."
691,How important is cleanliness? Write down four reasons.
692,"ii. Skin: To keep your skin clean, you need to ....................."
693,I will come up with different ideas.
694,At twelve o'clock in the afternoon he went out of the barracks.
695,Child: He shows you faith.
696,"I add one to another, and then I scatter it."
697,"Father says, ""In the name of Christ,"
698,Bend your right leg to your knees and sit on the edge.
699,"""After looking around, he saw everything happening, and the man's hands were healed, just as he had been doing."
700,"But while he was still speaking, the disciples came to him and urged him, ""Send her away, for she is crying out after us""."
701,This is some daily news where you will find useful information.
702,"Here, a query is executed to delete the entry from the checkout table."
703,They like to be greeted in the most important places in the synagogues and the best places at banquets.
704,"What, then, if we are many and want to cut off the net?"
705,She does not want a reward.
706,She brings forth more flowers like this.
707,Mary's place: - The place of punishment
708,"""None of them will eat anything""."
709,Child: He respects me.
710,Create a new question and tap the Short Answer option twice.
711,The atoms are blue.
712,"You can see that the earth, the physical world, is changing, and the evolution of life is changing."
713,For this reason we pray that we may be given more opportunity to see what you are saying and to confirm what is lacking in your faith.
714,"At the same time, it is important to provide food in the light of social values."
715,"""Never again do I put a piece of new bread into a new jar, nor will I put another piece of fresh bread into the new jar""."
716,"Immediately, the download is started by pressing the Save File button and pressing OK button."
717,"But we are speaking of the secret wisdom of God, which was reserved for our glory by God before the time of the world."
718,The message of this success is evident.
719,"""And say,' If we had lived in the days of our forefathers, we would not have shared in the iniquities of the prophets. '"
720,How to Treat Young People
721,"Some of the most common applications such as Calculator, Text Editor, Terminal, Firefox Web Browser, Videos, as well as LibreOffice Suite components and Home folders were discovered."
722,"You can see that in the response.jsp table project window, the index. jsp file is shown below."
723,Spoken Tutorial projects also require workshops and certificates for passing online exams.
724,3. How the urine is made:
725,"Here, for b, I'm going to give it another eight."
726,"I write this to you, my dear friend."
727,Compiling What We Have Done
728,"So, you can use these shells to create a fake watercolor, or you can also use them to frame an image."
729,Focus on your breathing and breathing
730,Exercise repeatedly and breathe strongly.
731,The children listened to the stories.
732,Some of these things are good and some are bad.
733,A cell can be called a centering cell.
734,"After they had stayed there many days, Festus began to explain Paul's case to the king and sent a prisoner to Felix."
735,"""It is made of iron, steel, iron, and aluminum""."
736,Child: They are showing signs of fluidity.
737,"When a person comes to his side after eating, he is called a food inspector."
738,The advent of music as an art form is a tragedy.
739,Protector: Protector of the Trinity:
740,For the law of the Spirit that gives life through Christ Jesus has set me free from sin's law and from death.
741,Foot: Foot: Up your leg (as far as possible) and up your legs (as long as possible).
742,I remove the details because I do not need authentication for my proxy.
743,The vampire called for war.
744,"""Teacher, "" he replied"", I know that this is true""."
745,Enter the admin password and type the Authenticate button.
746,"Today, I'm going to talk about string declaration."
747,"Today, the opacity of arrows is changing."
748,"In modern-day Maine, this method is still used."
749,Tk: grep space minus i spacewithin double quotes ankit space saraf after the double quote space grepdemo.txt
750,"If not, then let us look into our nets to find out about it."
751,Look for a zipper in the 30Mb range and click 'Open'.
752,Step 4 - Quadrangle
753,The problem is that we have to implement animal interfaces.
754,"""But if anyone causes one of these little ones who believe in me to sin, it would be better for him to be thrown into the sea and baptized."
755,"""So Judas Iscariot knew Perseus, and his son Hezron was his son""."
756,"And to do that, it tells us to fill in the file name and a window like Save File opens."
757,The works of poets and poets
758,"""I am standing before Caesar's court, "" Paul replied"". I have done nothing wrong to the Jews, as you yourselves well know."
759,"""The people are gathered together, the rulers of the world are with him. He has saved others. Save yourself, if you are the Christ of God""."
760,They came to the land.
761,The following is a list of characteristics:
762,We can use other handles to change the size of a star and to orbit it.
763,Course category is set by admin.
764,"Now click ""$ ls space -l space example1"", enter and enter."
765,"Some of the sculptures were made in the shape of a triangle, drawn on the canvas, and painted with cotton cloth."
766,"The fingers and toes are connected to each other, and the head is connected to the toes."
767,"If anyone tests himself by these things, he will be regarded as worthy of the Lord's service in everything that is good, useful and honorable."
768,"For you have been sanctified by the Holy Spirit, and the Spirit is Christ."
769,It creates a declarative region and defends its scope.
770,Benefits to Bacteria
771,"In the days of the sewing machine, sewing machines were used to sew clothes."
772,"The branches of the branches are made of gold, and the buds bear fruit. The female gives birth to the flower."
773,"Then he said to him, ""I swear to God, whatever you say I will do""."
774,"After these exercises, you can: Completing your image and praising yourself."
775,"Now, we're starting a new chapter."
776,We find that the homepage of Glassfish Server is visible.
777,"For more details, click on the mouse link."
778,"Now that I have the letter of the law, I have come to understand a better law."
779,CD design layers can be configured as follows:
780,"They were not overcome by the blood of the Lamb and by the word of their testimony. They did not love him, but gave their lives to death."
781,Keep the code and run safely.
782,Keep your hands and feet on the ground.
783,Now I'm going to change the scale and get a picture measured on this scale.
784,"If there are no options, check the Default for Calculus."
785,11 more were sent to the builder in Rajuim.
786,"Now, let's get out of the field and start with the plow."
787,Then repeat the verse.
788,The girls are crying.
789, The age must be a positive integer.
790,"In this case, it can be represented as zero because here the use of: less:"
791,Then the seven angels who had the seven trumpets went out to blow them.
792,I have a good score.
793,Now we know how to use this keyword.
794,I know books.
795,"Based on this text, Spokane tutorials run workshops."
796,"When they had received the letter, they sent it to me from Antioch."
797,"For more details, see the link below"
798,"You who teach others, don't you teach yourself? You who preach against everything and forbid everything, do you steal?"
799,The General menu has two sliders: Quality and Fog.
800,"""Please do not question us with questions that will lead to confusion or confusion."
801,"But if they fail to stand firm, they will be restored, because God is able to restore them."
802,Save to the top.
803,Then they took Jason and the others and let them go.
804,"This helps to create different quizzes for each academic year, or even for the next few years."
805,A: The number shown is the PID of the existing shell.
806,1. The seat supports the development of the person.
807,"If so, please refresh yourself after a while."
808,I wrote a Sanskrit song.
809,The seats that are to be rolled up shall be crowned 1
810,Here is the ABC on XYZ.
811,"The reason for this is that if you modify any method, you can override it."
812,"""The talented, the present, the beloved, the virtuous, the bright and the bright, are far away""."
813,Now type your password and log in.
814,"Now, let's see the URL."
815,"Above the background level, I'm going to make a copy of the original."
816,"Here, the first step is to create a sequence record object."
817,He received gifts from the gods.
818,Ancient Indians: Dhenivasi: Knowledge of Disease
819,"It is hard for anyone to lay down his life for a man who does good, but no one will lay down himself for a righteous man."
820,"Again, click the Capital option in the Account Description drop-down box."
821,"If the errorMsgs folder is not empty, we will display the error Msgs in the addUser."
822,"Today, save is not enough."
823,What can we say about our forefather Abraham? What did he do?
824,You can see that we only use default keywords.
825,"For more details, see the link below"
826,"Again, Antialiasing is from these soft regions."
827,"On this page, the tag number 010 does not appear."
828,"In the Project window, click RAT at the top of the Sample.java table."
829,"Bank Accounts are referred to as ""Reconcile""."
830,Child: He trusts you.
831,"To start with a read-only variable, we use the keyword const."
832,I'm recording this tutorial using Ubuntu Linux OS 16.04 and Koha version 16.05.
833,"He does not need to offer sacrifices every day, first for his own sins and then for the sins of the people, as did the high priests. He did this once for all when he offered himself."
834,"""If Satan drives out Satan, and Satan is divided against himself, how can his kingdom stand?"""
835,Go to the receipt page and click at the top.
836,"""As he was about to die, one of them ran up and knelt before him. 'Teacher,' he asked, 'what must I do to inherit eternal life?'"
837,"If you have not received any error messages, a biopath has been installed."
838,Then go to the tab 245 TITLE STATEMENT:
839,"Nevertheless, I do not consider him worthy to suffer, but rather to lay down my life to complete this service, which I have received from the Lord Jesus, to bear witness to the gospel of the grace of God."
840,"We show ourselves to be servants of God, praising him who is worthy of honor and honor."
841,"Now I have a donkey here, and this donkey is white, and perhaps it is too white, so I will bring it down."
842,"When the crowds saw Jesus and his disciples leaving, many recognized him, and they came from all the towns to meet him."
843,"Perhaps, log faults like this, do not show orbital details."
844,Subscribe to your username and do not enter
845,"When you finish the drawing, cross the correctness field to show your drawing accuracy."
846,"Today, we have laptops."
847,"From the knee to the lower leg, the body is rotated in opposite directions from the right and left, i.e., in the direction of the clockwork needles and the opposite direction from the wrist needles."
848,Scroll down and click Save changes.
849,Madhya: May Goddess Saraswati give us mercy and glory: come to our side to rejoice.
850,What is needed is strength.
851,"But it doesn't seem to make sense, so I changed my mind."
852,"For now, the format specifier should be removed."
853,People say that Saraswati is the voice of God.
854,.Yagpati: the lord of the yogas.
855,Save the button and we change the header file to iostream.
856,Child: They are friendly.
857,The code is written in the awk BEGIN section.
858,"On the course page, the forum name appears as a link."
859,We're adding another block to the Add a block menu on the left.
860,"If you go up, the unit penalty field here is 0.1, I'm going to do 0.5."
861,A: It's beautifully painted.
862,"In order to add a DNA molecule, go to the Build menu and insert the DNA/RNA in the submenu."
863,In the Preference Window (Preference Window) there are many Tabs (Tabs)
864,"Settings on a visiting card,"
865,Please use these two commands and see for yourself the purpose.
866,Why do you listen to music?
867,A description of Dawn and Lot:
868,"You can put your hands on your head, but it is important to note that your hands do not touch your head."
869,"In this tutorial, we will summarize what we have learned."
870,Do not add any errors with logic or algorithm.
871,The Scriptures testify to this by their orderly conduct.
872,"When they had measured the water, they found that it was a hundred feet deep. They went a little further and measured it again, and found it to be fifty feet high."
873,"For you know how to prune the fruit of the vine, when it is pruned."
874,"In the model, there are nano plugins for teachers and sat administrators."
875,We have successfully run a Java program.
876,"If two integers are equal to one, the sum is equal to the sum of the squares."
877,What is a flower?
878,Bharathram - More: This tool is used to digest the tissues.
879,Surfaces settings The dialog box opens and the opacity is displayed in the slider.
880,"And when all the people saw that Jesus had come out to meet them, they prayed loudly that he would come over to their borders."
881,With the right words: Fill in the blanks.
882,We now use the username Bella and her password to log in.
883,"He filled the place with the wind, breathed it on his head, and placed it on top of him."
884,"This is based on the URL, port number and domain name given by the sys-ad during the installation process."
885,It's frozen to 90 degrees.
886,Put the home folder on top.
887,"But now, you rich people, you will be filled and satisfied, and you will starve."
888,You can access it by clicking on the link node.
889,Lord Shiva: There is also a name for Natarajo.
890,"""Everyone needs to be careful about what he or she eats, because the food will be enough for the whole family."
891,"For God did not appoint us for wrath, but for salvation through our Lord Jesus Christ."
892,"""Young men, "" he asked"", what are you discussing?"""
893,Forward: This function: Not to be taken.
894,The first man appeared in great glory; he was the beginning and the end of the world and the beginning of the body.
895,Arjuna is here.
896,May the God of peace be with you all.
897,Now I'm going to firefox.
898,"Then, when the Master comes, you will be crowned with glory."
899,"Now that we're done with this image and this guide, we've come to the end of this document."
900,Then they sat down and put the food on the table.
901,Children will wear new clothes.
902,Earth: It completes its orbit in 365 days.
903,"An embedded 'course' can be found in the content of the course, namely Admin, Course creator, Teacher, Manager."
904,"They traveled far to find him, but they could not find him."
905,Food gives our bodies strength:
906,The activity of joints is very important.
907,3. The nostrils - the nasal passages through the nose and into the brain.
908,The soldier is leaving.
909,"So, I know a different color from the background color. What is this?"
910,The Spoken Tutorial Team uses Spoken tutorials to conduct workshops.
911,"""The purpose of this exercise is to introduce you to the three different components of breathing (abdomen, pelvis and diaphragm) and to incorporate them into a complete yoga practice""."
912,So we have come to the end of this passage.
913,"These options, like other word processor applications, are the same."
914,We have successfully installed XAMPP on all of them.
915,Increase eye pressure
916,Everyone who drinks milk is not yet a child of the word of God.
917,"So they went and saw everything as it had been said, and they prepared the Passover."
918,Mony leaves his family behind.
919,"Letters in perspective,"
920,"Breathe out and move your left foot forward next to your right foot and then touch your forehead to your knees with your upper body, as in step 2."
921,I'm cleaning the prompt to the terminal.
922,"Here, dollar 1 is the first field here, and that's the roll number here, which indicates the value of dollar 6 multiplied by zero point."
923,The students watched the play:
924,"To do this, go to the top-right corner, click on the spoken tutorial library, drop-down, and log out."
925,Then I will come to you again and worship my God. I will grieve over the coming of sinners who have repented of their sexual immorality and debauchery.
926,I will leave them empty.
927,Readers: Question: 8.3
928,"(hash) #include, space, opening angle bracket, closing angle brackets"
929,"So, I'm going to Filters >> Enhance >> Sharpen in sequence."
930,"To stop the auto optimization action, stop this."
931,3. Warahmihir:
932,The Spokane Tutorial Project is part of the Talk to a Teacher Project.
933,"We, the directors, are informed that we will have to give written permission."
934,Export the table by eps format and see it.
935,Now I'd like to talk more about paintbrush and the choice of colors to paint.
936,Naikamai: Many Maya: The holder
937,I have reason to boast in Christ Jesus to God.
938,You are an Archangel.
939,And then there's the 'Birthday' option.
940,"But Jesus said to them, ""A prophet is without honor except in his hometown and in his family."
941,"Then I looked, and there before me was a white horse. His name was Death, and Hades followed him. He was given power over a third of the earth to kill people, sickness, plagues, and wild beasts."
942,(iv) By means of the headstone.
943,"With the cropping of the image, we started to understand what can be done with the image."
944,I go to the terminal and empty it.
945,Now we come to Slides and we know what the main problem is.
946,"""Peace is the fruit of godly devotion - joy, the joy of God, peace, and knowledge""."
947,"Those who preside over the church, especially those who labor in the word of God and in teaching, are worthy of double honor."
948,"See, then, that a man is justified by works, not by faith alone."
949,"When Paul had finished his ministry, he decided to go up to Jerusalem through Macedonia and Achaia. He said, ""After I have traveled there, I must also see Rome""."
950,"Output, GC shows in the content percentage."
951,"And when he saw it, he looked at it."
952,Let's understand that all C files are extensions.
953,Sadhgati: This is the fastest.
954,"So, I click Clone Tool here and change the size of the Brush."
955,"to reveal to the angels and rulers in the heavens the many wonders of God's wisdom in the church,"
956,This is a small tree that is 6 meters in height and rises. The leaves are parallel and 10-12 in number.
957,"As a result, we see Hello Space World."
958,"In the prompt, tap the date space plus percentage mark, small h, and enter."
959,"May the Lord have mercy on the household of Cornelius, because he has encouraged me."
960,Browse the path of the subfolder
961,Ubuntu Linux OS is characterized by having many workspaces or desktops.
962,"In the new window that opens here, you'll see 'username' and I'll try to 'frontacc' as your username."
963,"And there's a message above that says, Journal entry has been entered"
964,Look for a picture of a place to stay.
965,"and through him we have found a new commandment, not written, but of the Spirit. The written commandment is deadly, but the Spirit gives life."
966,The level field data currently appears to be 2.
967,"It works on Linux, Mac OS, and Windows."
968,---Add the audio @02:32 from the tutorial installation of FrontAccounting on Window OS timing 08:10 to 08:30---
969,The following are the five trees: their divine qualities: and their relationship to God is well-known:
970,"Behold, I have given you authority to tread on snakes and scorpions and on every kind of power. Nothing will harm you."
971,"""Full breathing, breathing without any pressure, this breath should be filled normally""."
972,"""Have you not read that a man will leave his father and mother and join himself to his wife, and the two will become one flesh?"""
973,"Zechariah asked the angel, ""How can I know this? I am an old man and my wife is also very old."
974,So here are just a few changes:
975,"If students want to create their own profile, they can fill out fields in this section."
976,Please click Cataloging on the Home page.
977,'while' loop
978,ls The product of the order works as an investment for the order of the toilet
979,"to combine the printing press with the ink,"
980,"And the rest of the people must go to sea, carrying their cloaks and bowls, or whatever else they can get. All of them will fall to the ground and be saved."
981,"If all the conditions are false, the last Else section will be executed."
982,MMFF94 Force Field click here and press the Start button
983,Satan: the Creator of all living things
984,"The following is a list of the names of some of the denominations, or administrative lists:"
985,"The word ""fire"" - ""touch"" - has three qualities."
986,"In 'coordination compounds', we learned about geometric performance and the structure of nanotubes."
987,The heat of the machine prevents this.
988,And there was a thorn in both eyes.
989,'Bcc' can also be found at stlibreoffice@gmail.com and info@spoken-tutorial.org:
990,"Here, the first field is the roll number and the sixth field students are the stapand."
991,Blocks in Admin's Dashboard is a tutorial on how to combine and remove blocks.
992,"""In many ancient Indian texts, the motto is: safety, health, purpose: rules: give"""
993,Among them are those who have been called to believe in Jesus Christ and who are ministers to the Gentiles.
994,"""Take a deep breath and breathe out loud""."
995,"""Bring me out of the coconut oil, "" he said. "" Then he went out and kissed his brother, remembering the name of Jesus""."
996,The patient is grateful to the doctor.
997,"""Can anything bad come from Nazareth? "" Nathanael asked"". See this one, "" Philip replied."
998,"And, above the toolbox, it is here."
999,"The resource has edit, hide, duplicate, and delete-only settings and details can be found online."
1000,"The body has a few teeth, but the eyes are weak, and the whole body is weak."
